branch_updates,candidate_hit_after,candidate_hit_before,eval_sample_count,false_reject_after,false_reject_before,mode,nutrient_reward_total,ood_false_accept_after,ood_false_accept_before,root_updates,seed,stage_name,stage_passed,stage_runtime_seconds,supported_success_after,supported_success_before,toxicity_total,train_sample_count
2000,0.94,0.8,50,0.06,0.2,quick,391.0,0.0,0.0,400,42,symbolic_single_op,True,0.000443,0.94,0.8,0.0,391
2000,0.94,0.8,50,0.06,0.2,quick,385.0,0.0,0.0,400,42,symbolic_two_op,True,0.000443,0.94,0.8,0.0,385
2000,0.943396,0.792453,53,0.056604,0.207547,quick,386.0,0.0,0.0,400,42,precedence,True,0.000443,0.943396,0.792453,0.0,386
2000,0.931818,0.795455,44,0.068182,0.204545,quick,426.0,0.0,0.0,400,42,parentheses,True,0.000443,0.931818,0.795455,0.0,426
2000,0.904762,0.761905,21,0.095238,0.238095,quick,199.0,0.0,0.0,400,42,negative_numbers,True,0.000443,0.904762,0.761905,0.0,199
2000,0.9375,0.78125,32,0.0625,0.21875,quick,213.0,0.0,0.0,400,42,exact_division,True,0.000443,0.9375,0.78125,0.0,213
2000,0.948,0.8,0,0.052,0.2,quick,0.0,0.0,0.0,400,42,boundary_rejection,True,0.000443,0.948,0.8,0.0,0
2000,0.0,0.0,83,0.0,0.0,quick,0.0,0.0,0.0,400,42,trap_rejection,True,0.000443,0.0,0.0,0.0,0
2000,0.0,0.0,167,0.0,0.0,quick,0.0,0.0,0.0,400,42,future_near_ood_quarantine,True,0.000443,0.0,0.0,0.0,0
2000,0.948,0.8,500,0.052,0.2,quick,2000.0,0.0,0.0,400,42,mixed_final,True,0.000443,0.948,0.8,0.0,2000
7500,0.947712,0.797386,153,0.052288,0.202614,small,701.0,0.0,0.0,1500,42,symbolic_single_op,True,0.001307,0.947712,0.797386,0.0,701
7500,0.945205,0.794521,146,0.054795,0.205479,small,703.0,0.0,0.0,1500,42,symbolic_two_op,True,0.001307,0.945205,0.794521,0.0,703
7500,0.946429,0.797619,168,0.053571,0.202381,small,691.0,0.0,0.0,1500,42,precedence,True,0.001307,0.946429,0.797619,0.0,691
7500,0.945205,0.794521,146,0.054795,0.205479,small,702.0,0.0,0.0,1500,42,parentheses,True,0.001307,0.945205,0.794521,0.0,702
7500,0.95,0.8,60,0.05,0.2,small,364.0,0.0,0.0,1500,42,negative_numbers,True,0.001307,0.95,0.8,0.0,364
7500,0.948052,0.792208,77,0.051948,0.207792,small,339.0,0.0,0.0,1500,42,exact_division,True,0.001307,0.948052,0.792208,0.0,339
7500,0.949333,0.8,0,0.050667,0.2,small,1200.0,0.0,0.0,1500,42,boundary_rejection,True,0.001307,0.949333,0.8,0.0,1200
7500,0.0,0.0,325,0.0,0.0,small,800.0,0.0,0.0,1500,42,trap_rejection,True,0.001307,0.0,0.0,0.0,800
7500,0.0,0.0,425,0.0,0.0,small,0.0,0.0,0.0,1500,42,future_near_ood_quarantine,True,0.001307,0.0,0.0,0.0,0
7500,0.949333,0.8,1500,0.050667,0.2,small,5500.0,0.0,0.0,1500,42,mixed_final,True,0.001307,0.949333,0.8,0.0,5500
35000,0.949602,0.799735,754,0.050398,0.200265,medium,3486.0,0.0,0.0,7000,42,symbolic_single_op,True,0.006698,0.949602,0.799735,0.0,3486
35000,0.95,0.8,720,0.05,0.2,medium,3560.0,0.0,0.0,7000,42,symbolic_two_op,True,0.006698,0.95,0.8,0.0,3560
35000,0.949735,0.798942,756,0.050265,0.201058,medium,3451.0,0.0,0.0,7000,42,precedence,True,0.006698,0.949735,0.798942,0.0,3451
35000,0.949482,0.799223,772,0.050518,0.200777,medium,3493.0,0.0,0.0,7000,42,parentheses,True,0.006698,0.949482,0.799223,0.0,3493
35000,0.948229,0.798365,367,0.051771,0.201635,medium,1739.0,0.0,0.0,7000,42,negative_numbers,True,0.006698,0.948229,0.798365,0.0,1739
35000,0.947507,0.7979,381,0.052493,0.2021,medium,1771.0,0.0,0.0,7000,42,exact_division,True,0.006698,0.947507,0.7979,0.0,1771
35000,0.949867,0.8,0,0.050133,0.2,medium,6000.0,0.0,0.0,7000,42,boundary_rejection,True,0.006698,0.949867,0.8,0.0,6000
35000,0.0,0.0,1625,0.0,0.0,medium,4000.0,0.0,0.0,7000,42,trap_rejection,True,0.006698,0.0,0.0,0.0,4000
35000,0.0,0.0,2125,0.0,0.0,medium,0.0,0.0,0.0,7000,42,future_near_ood_quarantine,True,0.006698,0.0,0.0,0.0,0
35000,0.949867,0.8,7500,0.050133,0.2,medium,27500.0,0.0,0.0,7000,42,mixed_final,True,0.006698,0.949867,0.8,0.0,27500
62500,0.949602,0.799735,754,0.050398,0.200265,medium,3486.0,0.0,0.0,12500,43,symbolic_single_op,True,0.006744,0.949602,0.799735,0.0,3486
62500,0.95,0.8,720,0.05,0.2,medium,3560.0,0.0,0.0,12500,43,symbolic_two_op,True,0.006744,0.95,0.8,0.0,3560
62500,0.949735,0.798942,756,0.050265,0.201058,medium,3451.0,0.0,0.0,12500,43,precedence,True,0.006744,0.949735,0.798942,0.0,3451
62500,0.949482,0.799223,772,0.050518,0.200777,medium,3493.0,0.0,0.0,12500,43,parentheses,True,0.006744,0.949482,0.799223,0.0,3493
62500,0.948229,0.798365,367,0.051771,0.201635,medium,1739.0,0.0,0.0,12500,43,negative_numbers,True,0.006744,0.948229,0.798365,0.0,1739
62500,0.947507,0.7979,381,0.052493,0.2021,medium,1771.0,0.0,0.0,12500,43,exact_division,True,0.006744,0.947507,0.7979,0.0,1771
62500,0.949867,0.8,0,0.050133,0.2,medium,6000.0,0.0,0.0,12500,43,boundary_rejection,True,0.006744,0.949867,0.8,0.0,6000
62500,0.0,0.0,1625,0.0,0.0,medium,4000.0,0.0,0.0,12500,43,trap_rejection,True,0.006744,0.0,0.0,0.0,4000
62500,0.0,0.0,2125,0.0,0.0,medium,0.0,0.0,0.0,12500,43,future_near_ood_quarantine,True,0.006744,0.0,0.0,0.0,0
62500,0.949867,0.8,7500,0.050133,0.2,medium,27500.0,0.0,0.0,12500,43,mixed_final,True,0.006744,0.949867,0.8,0.0,27500
90000,0.949602,0.799735,754,0.050398,0.200265,medium,3486.0,0.0,0.0,18000,44,symbolic_single_op,True,0.006969,0.949602,0.799735,0.0,3486
90000,0.95,0.8,720,0.05,0.2,medium,3560.0,0.0,0.0,18000,44,symbolic_two_op,True,0.006969,0.95,0.8,0.0,3560
90000,0.949735,0.798942,756,0.050265,0.201058,medium,3451.0,0.0,0.0,18000,44,precedence,True,0.006969,0.949735,0.798942,0.0,3451
90000,0.949482,0.799223,772,0.050518,0.200777,medium,3493.0,0.0,0.0,18000,44,parentheses,True,0.006969,0.949482,0.799223,0.0,3493
90000,0.948229,0.798365,367,0.051771,0.201635,medium,1739.0,0.0,0.0,18000,44,negative_numbers,True,0.006969,0.948229,0.798365,0.0,1739
90000,0.947507,0.7979,381,0.052493,0.2021,medium,1771.0,0.0,0.0,18000,44,exact_division,True,0.006969,0.947507,0.7979,0.0,1771
90000,0.949867,0.8,0,0.050133,0.2,medium,6000.0,0.0,0.0,18000,44,boundary_rejection,True,0.006969,0.949867,0.8,0.0,6000
90000,0.0,0.0,1625,0.0,0.0,medium,4000.0,0.0,0.0,18000,44,trap_rejection,True,0.006969,0.0,0.0,0.0,4000
90000,0.0,0.0,2125,0.0,0.0,medium,0.0,0.0,0.0,18000,44,future_near_ood_quarantine,True,0.006969,0.0,0.0,0.0,0
90000,0.949867,0.8,7500,0.050133,0.2,medium,27500.0,0.0,0.0,18000,44,mixed_final,True,0.006969,0.949867,0.8,0.0,27500
140000,0.94964,0.799589,973,0.05036,0.200411,large-light,10004.0,0.0,0.0,28000,42,symbolic_single_op,True,0.011209,0.94964,0.799589,0.0,10004
140000,0.949102,0.799401,1002,0.050898,0.200599,large-light,9972.0,0.0,0.0,28000,42,symbolic_two_op,True,0.011209,0.949102,0.799401,0.0,9972
140000,0.95,0.8,980,0.05,0.2,large-light,9939.0,0.0,0.0,28000,42,precedence,True,0.011209,0.95,0.8,0.0,9939
140000,0.949803,0.799213,1016,0.050197,0.200787,large-light,10068.0,0.0,0.0,28000,42,parentheses,True,0.011209,0.949803,0.799213,0.0,10068
140000,0.948819,0.799213,508,0.051181,0.200787,large-light,5027.0,0.0,0.0,28000,42,negative_numbers,True,0.011209,0.948819,0.799213,0.0,5027
140000,0.948177,0.798464,521,0.051823,0.201536,large-light,4990.0,0.0,0.0,28000,42,exact_division,True,0.011209,0.948177,0.798464,0.0,4990
140000,0.95,0.8,0,0.05,0.2,large-light,0.0,0.0,0.0,28000,42,boundary_rejection,True,0.011209,0.95,0.8,0.0,0
140000,0.0,0.0,1750,0.0,0.0,large-light,0.0,0.0,0.0,28000,42,trap_rejection,True,0.011209,0.0,0.0,0.0,0
140000,0.0,0.0,3250,0.0,0.0,large-light,0.0,0.0,0.0,28000,42,future_near_ood_quarantine,True,0.011209,0.0,0.0,0.0,0
140000,0.95,0.8,10000,0.05,0.2,large-light,50000.0,0.0,0.0,28000,42,mixed_final,True,0.011209,0.95,0.8,0.0,50000
190000,0.94964,0.799589,973,0.05036,0.200411,large-light,10004.0,0.0,0.0,38000,43,symbolic_single_op,True,0.011289,0.94964,0.799589,0.0,10004
190000,0.949102,0.799401,1002,0.050898,0.200599,large-light,9972.0,0.0,0.0,38000,43,symbolic_two_op,True,0.011289,0.949102,0.799401,0.0,9972
190000,0.95,0.8,980,0.05,0.2,large-light,9939.0,0.0,0.0,38000,43,precedence,True,0.011289,0.95,0.8,0.0,9939
190000,0.949803,0.799213,1016,0.050197,0.200787,large-light,10068.0,0.0,0.0,38000,43,parentheses,True,0.011289,0.949803,0.799213,0.0,10068
190000,0.948819,0.799213,508,0.051181,0.200787,large-light,5027.0,0.0,0.0,38000,43,negative_numbers,True,0.011289,0.948819,0.799213,0.0,5027
190000,0.948177,0.798464,521,0.051823,0.201536,large-light,4990.0,0.0,0.0,38000,43,exact_division,True,0.011289,0.948177,0.798464,0.0,4990
190000,0.95,0.8,0,0.05,0.2,large-light,0.0,0.0,0.0,38000,43,boundary_rejection,True,0.011289,0.95,0.8,0.0,0
190000,0.0,0.0,1750,0.0,0.0,large-light,0.0,0.0,0.0,38000,43,trap_rejection,True,0.011289,0.0,0.0,0.0,0
190000,0.0,0.0,3250,0.0,0.0,large-light,0.0,0.0,0.0,38000,43,future_near_ood_quarantine,True,0.011289,0.0,0.0,0.0,0
190000,0.95,0.8,10000,0.05,0.2,large-light,50000.0,0.0,0.0,38000,43,mixed_final,True,0.011289,0.95,0.8,0.0,50000
240000,0.94964,0.799589,973,0.05036,0.200411,large-light,10004.0,0.0,0.0,48000,44,symbolic_single_op,True,0.011839,0.94964,0.799589,0.0,10004
240000,0.949102,0.799401,1002,0.050898,0.200599,large-light,9972.0,0.0,0.0,48000,44,symbolic_two_op,True,0.011839,0.949102,0.799401,0.0,9972
240000,0.95,0.8,980,0.05,0.2,large-light,9939.0,0.0,0.0,48000,44,precedence,True,0.011839,0.95,0.8,0.0,9939
240000,0.949803,0.799213,1016,0.050197,0.200787,large-light,10068.0,0.0,0.0,48000,44,parentheses,True,0.011839,0.949803,0.799213,0.0,10068
240000,0.948819,0.799213,508,0.051181,0.200787,large-light,5027.0,0.0,0.0,48000,44,negative_numbers,True,0.011839,0.948819,0.799213,0.0,5027
240000,0.948177,0.798464,521,0.051823,0.201536,large-light,4990.0,0.0,0.0,48000,44,exact_division,True,0.011839,0.948177,0.798464,0.0,4990
240000,0.95,0.8,0,0.05,0.2,large-light,0.0,0.0,0.0,48000,44,boundary_rejection,True,0.011839,0.95,0.8,0.0,0
240000,0.0,0.0,1750,0.0,0.0,large-light,0.0,0.0,0.0,48000,44,trap_rejection,True,0.011839,0.0,0.0,0.0,0
240000,0.0,0.0,3250,0.0,0.0,large-light,0.0,0.0,0.0,48000,44,future_near_ood_quarantine,True,0.011839,0.0,0.0,0.0,0
240000,0.95,0.8,10000,0.05,0.2,large-light,50000.0,0.0,0.0,48000,44,mixed_final,True,0.011839,0.95,0.8,0.0,50000
